loop_id;module;function_name;function_id;source_info;level;inc_time_p;inc_time_s;inc_time_s_min;inc_time_s_avg;inc_time_s_max;inc_cov_deviation;inc_time_deviation;exc_time_p;exc_time_s;exc_time_s_min;exc_time_s_avg;exc_time_s_max;exc_cov_deviation;exc_time_deviation;nb_threads;flops;
5;BSM;main._omp_fn.0;11;random.tcc:3370-3370,BSM_32.cxx:106-109,BSM_32.cxx:112-113,BSM_32.cxx:122-127;InBetween;29.683683395386;1.8299996852875;;;;;;29.683683395386;1.8299996852875;;;;;;;;
12;BSM;main._omp_fn.0;11;cmath:443-443;InBetween;27.088388442993;1.6699998378754;;;;;;16.301696777344;1.0049999952316;;;;;;;;
11;BSM;main._omp_fn.0;11;random.tcc:1832-1834,random.tcc:3367-3371;Innermost;8.9213256835938;0.54999995231628;;;;;;8.9213256835938;0.54999995231628;;;;;;;;
10;BSM;main._omp_fn.0;11;random.h:2238-2238,random.tcc:1820-1823,random.tcc:1842-1842,BSM_32.cxx:112-116;Innermost;4.2984571456909;0.26499998569489;;;;;;4.2984571456909;0.26499998569489;;;;;;;;
16;BSM;std::mersenne_twister_engine<unsigned long, 32ul, 624ul, 397ul, 31ul, 2567483615ul, 11ul, 4294967295ul, 7ul, 2636928640ul, 15ul, 4022730752ul, 18ul, 1812433253ul>::operator()();16;random.tcc:459-469;Single;3.4874274730682;0.21499998867512;;;;;;3.4874274730682;0.21499998867512;;;;;;;;
15;BSM;std::mersenne_twister_engine<unsigned long, 32ul, 624ul, 397ul, 31ul, 2567483615ul, 11ul, 4294967295ul, 7ul, 2636928640ul, 15ul, 4022730752ul, 18ul, 1812433253ul>::_M_gen_rand();15;random.tcc:412-417;Single;3.081912279129;0.18999996781349;;;;;;3.081912279129;0.18999996781349;;;;;;;;
13;BSM;main._omp_fn.0;11;random.tcc:1834-1839,random.tcc:3367-3367,random.tcc:3371-3371,cmath:327-327,cmath:443-443;InBetween;10.786693572998;0.66499990224838;;;;;;1.8653682470322;0.11500000208616;;;;;;;;
14;BSM;std::mersenne_twister_engine<unsigned long, 32ul, 624ul, 397ul, 31ul, 2567483615ul, 11ul, 4294967295ul, 7ul, 2636928640ul, 15ul, 4022730752ul, 18ul, 1812433253ul>::_M_gen_rand();15;random.tcc:404-409;Single;1.7031623125076;0.10499999672174;;;;;;1.7031623125076;0.10499999672174;;;;;;;;
6;BSM;main._omp_fn.0;11;BSM_32.cxx:113-113;InBetween;31.224641799927;1.924999833107;;;;;;1.5409561395645;0.094999983906746;;;;;;;;
