loop_id;module;function_name;function_id;source_info;level;inc_time_p;inc_time_s;inc_time_s_min;inc_time_s_avg;inc_time_s_max;inc_cov_deviation;inc_time_deviation;exc_time_p;exc_time_s;exc_time_s_min;exc_time_s_avg;exc_time_s_max;exc_cov_deviation;exc_time_deviation;nb_threads;flops;
5;BSM;main._omp_fn.0;11;random.tcc:3370-3370,BSM_32.cxx:106-109,BSM_32.cxx:112-113,BSM_32.cxx:122-127;InBetween;30.517930984497;1.9149994850159;;;;;;30.517930984497;1.9149994850159;;;;;;;;
12;BSM;main._omp_fn.0;11;cmath:443-443;InBetween;28.207180023193;1.7699999809265;;;;;;16.334667205811;1.0250000953674;;;;;;;;
11;BSM;main._omp_fn.0;11;random.tcc:1832-1834,random.tcc:3367-3371;Innermost;9.8804817199707;0.62000006437302;;;;;;9.8804817199707;0.62000006437302;;;;;;;;
10;BSM;main._omp_fn.0;11;random.h:2238-2238,random.tcc:1820-1823,random.tcc:1842-1842,BSM_32.cxx:112-116;Innermost;5.7370548248291;0.36000007390976;;;;;;5.7370548248291;0.36000007390976;;;;;;;;
16;BSM;std::mersenne_twister_engine<unsigned long, 32ul, 624ul, 397ul, 31ul, 2567483615ul, 11ul, 4294967295ul, 7ul, 2636928640ul, 15ul, 4022730752ul, 18ul, 1812433253ul>::operator()();16;random.tcc:459-469;Single;3.0278894901276;0.19000001251698;;;;;;3.0278894901276;0.19000001251698;;;;;;;;
15;BSM;std::mersenne_twister_engine<unsigned long, 32ul, 624ul, 397ul, 31ul, 2567483615ul, 11ul, 4294967295ul, 7ul, 2636928640ul, 15ul, 4022730752ul, 18ul, 1812433253ul>::_M_gen_rand();15;random.tcc:412-417;Single;2.3107576370239;0.14500001072884;;;;;;2.3107576370239;0.14500001072884;;;;;;;;
13;BSM;main._omp_fn.0;11;random.tcc:1834-1839,random.tcc:3367-3367,random.tcc:3371-3371,cmath:327-327,cmath:443-443;InBetween;11.872513771057;0.74500000476837;;;;;;1.9920324087143;0.125;;;;;;;;
6;BSM;main._omp_fn.0;11;BSM_32.cxx:113-113;InBetween;32.430282592773;2.0349996089935;;;;;;1.9123512506485;0.12000001221895;;;;;;;;
14;BSM;std::mersenne_twister_engine<unsigned long, 32ul, 624ul, 397ul, 31ul, 2567483615ul, 11ul, 4294967295ul, 7ul, 2636928640ul, 15ul, 4022730752ul, 18ul, 1812433253ul>::_M_gen_rand();15;random.tcc:404-409;Single;1.354581952095;0.084999993443489;;;;;;1.354581952095;0.084999993443489;;;;;;;;
