block_id;module;source_info;time_p;time_s;time_s_min;time_s_avg;time_s_max;cov_deviation;time_deviation;nb_threads;flops;
290;BSM;;58.663707733154;11.544994354248;;;;;;;;
288;BSM;;38.465534210205;7.57000207901;;;;;;;;
188;BSM;;0.43191140890121;0.084999993443489;;;;;;;;
291;BSM;;0.3302851319313;0.064999982714653;;;;;;;;
289;BSM;;0.22865895926952;0.044999994337559;;;;;;;;
243;BSM;;0.025406552478671;0.00499999942258;;;;;;;;
195;BSM;;0.025406552478671;0.00499999942258;;;;;;;;
