block_id;module;source_info;time_p;time_s;time_s_min;time_s_avg;time_s_max;cov_deviation;time_deviation;nb_threads;flops;
290;BSM;;58.822116851807;11.484994888306;;;;;;;;
288;BSM;;38.591636657715;7.5350012779236;;;;;;;;
289;BSM;;0.33290714025497;0.064999982714653;;;;;;;;
291;BSM;;0.25608244538307;0.049999993294477;;;;;;;;
188;BSM;;0.12804122269154;0.024999996647239;;;;;;;;
184;BSM;;0.025608245283365;0.00499999942258;;;;;;;;
295;BSM;;0.025608245283365;0.00499999942258;;;;;;;;
