block_id;module;source_info;time_p;time_s;time_s_min;time_s_avg;time_s_max;cov_deviation;time_deviation;nb_threads;flops;
290;BSM;;57.833553314209;11.424993515015;;;;;;;;
288;BSM;;39.635627746582;7.8300013542175;;;;;;;;
289;BSM;;0.25310102105141;0.049999997019768;;;;;;;;
291;BSM;;0.22779089212418;0.044999990612268;;;;;;;;
188;BSM;;0.075930304825306;0.014999998733401;;;;;;;;
287;BSM;;0.050620201975107;0.00999999884516;;;;;;;;
293;BSM;;0.025310100987554;0.00499999942258;;;;;;;;
