block_id;module;source_info;time_p;time_s;time_s_min;time_s_avg;time_s_max;cov_deviation;time_deviation;nb_threads;flops;
290;BSM;;58.853466033936;11.59999370575;;;;;;;;
288;BSM;;38.254779815674;7.5400013923645;;;;;;;;
289;BSM;;0.40588614344597;0.079999998211861;;;;;;;;
291;BSM;;0.40588608384132;0.079999975860119;;;;;;;;
188;BSM;;0.076103657484055;0.014999999664724;;;;;;;;
287;BSM;;0.025367885828018;0.0049999998882413;;;;;;;;
