function_id;module;function_name;source_info;inc_time_p;inc_time_s;inc_time_s_min;inc_time_s_avg;inc_time_s_max;inc_cov_deviation;inc_time_deviation;exc_time_p;exc_time_s;exc_time_s_min;exc_time_s_avg;exc_time_s_max;exc_cov_deviation;exc_time_deviation;nb_threads;cats;label_name;flops;
20;BSM;std::mersenne_twister_engine<unsigned long, 32ul, 624ul, 397ul, 31ul, 2567483615ul, 11ul, 4294967295ul, 7ul, 2636928640ul, 15ul, 4022730752ul, 18ul, 1812433253ul>::_M_gen_rand();;97.984558105469;18.959968566895;0;0;0;0;0;0.77504545450211;0.14997094869614;0;0;0;0;0;;"100,0,0,0,0,0,0,0,0,0";_ZNSt23mersenne_twister_engineImLm32ELm624ELm397ELm31ELm2567483615ELm11ELm4294967295ELm7ELm2636928640ELm15ELm4022730752ELm18ELm1812433253EE11_M_gen_randEv;;
284;libgomp.so.1.0.0;omp_get_num_procs;;1.7312703132629;0.3350000679493;0;0;0;0;0;1.7312703132629;0.3350000679493;0;0;0;0;0;;"0,0,100,0,0,0,0,0,0,0";omp_get_num_procs;;
15;BSM;gaussian_box_muller();;0.15503910183907;0.029999997466803;0;0;0;0;0;0;0;0;0;0;0;0;;"100,0,0,0,0,0,0,0,0,0";_Z19gaussian_box_mullerv;;
21;BSM;double std::generate_canonical<double, 53ul, std::mersenne_twister_engine<unsigned long, 32ul, 624ul, 397ul, 31ul, 2567483615ul, 11ul, 4294967295ul, 7ul, 2636928640ul, 15ul, 4022730752ul, 18ul, 1812433253ul> >(std::mersenne_twister_engine<unsigned long, 32ul, 624ul, 397ul, 31ul, 2567483615ul, 11ul, 4294967295ul, 7ul, 2636928640ul, 15ul, 4022730752ul, 18ul, 1812433253ul>&);;0.077519550919533;0.014999998733401;0;0;0;0;0;0.077519550919533;0.014999998733401;0;0;0;0;0;;"100,0,0,0,0,0,0,0,0,0";_ZSt18generate_canonicalIdLm53ESt23mersenne_twister_engineImLm32ELm624ELm397ELm31ELm2567483615ELm11ELm4294967295ELm7ELm2636928640ELm15ELm4022730752ELm18ELm1812433253EEET_RT1_;;
654;libm.so.6;f64xsubf128;;0.051679700613022;0.0099999997764826;0;0;0;0;0;0.051679700613022;0.0099999997764826;0;0;0;0;0;;"0,0,0,100,0,0,0,0,0,0";f64xsubf128;;
