function_id;module;function_name;source_info;inc_time_p;inc_time_s;inc_time_s_min;inc_time_s_avg;inc_time_s_max;inc_cov_deviation;inc_time_deviation;exc_time_p;exc_time_s;exc_time_s_min;exc_time_s_avg;exc_time_s_max;exc_cov_deviation;exc_time_deviation;nb_threads;cats;label_name;flops;
20;BSM;std::mersenne_twister_engine<unsigned long, 32ul, 624ul, 397ul, 31ul, 2567483615ul, 11ul, 4294967295ul, 7ul, 2636928640ul, 15ul, 4022730752ul, 18ul, 1812433253ul>::_M_gen_rand();;98.002601623535;19.134967803955;0;0;0;0;0;0.58884590864182;0.11497192829847;0;0;0;0;0;;"100,0,0,0,0,0,0,0,0,0";_ZNSt23mersenne_twister_engineImLm32ELm624ELm397ELm31ELm2567483615ELm11ELm4294967295ELm7ELm2636928640ELm15ELm4022730752ELm18ELm1812433253EE11_M_gen_randEv;;
284;libgomp.so.1.0.0;omp_get_num_procs;;1.7925772666931;0.34999999403954;0;0;0;0;0;1.7925772666931;0.34999999403954;0;0;0;0;0;;"0,0,100,0,0,0,0,0,0,0";omp_get_num_procs;;
15;BSM;gaussian_box_muller();;0.15364947915077;0.029999999329448;0;0;0;0;0;0.025608245283365;0.00499999942258;0;0;0;0;0;;"100,0,0,0,0,0,0,0,0,0";_Z19gaussian_box_mullerv;;
1876;libstdc++.so.6.0.33;__once_proxy;;0.025608245283365;0.00499999942258;0;0;0;0;0;0.025608245283365;0.00499999942258;0;0;0;0;0;;"0,0,0,0,0,0,0,0,0,100";__once_proxy;;
21;BSM;double std::generate_canonical<double, 53ul, std::mersenne_twister_engine<unsigned long, 32ul, 624ul, 397ul, 31ul, 2567483615ul, 11ul, 4294967295ul, 7ul, 2636928640ul, 15ul, 4022730752ul, 18ul, 1812433253ul> >(std::mersenne_twister_engine<unsigned long, 32ul, 624ul, 397ul, 31ul, 2567483615ul, 11ul, 4294967295ul, 7ul, 2636928640ul, 15ul, 4022730752ul, 18ul, 1812433253ul>&);;0.025608245283365;0.00499999942258;0;0;0;0;0;0;0;0;0;0;0;0;;"100,0,0,0,0,0,0,0,0,0";_ZSt18generate_canonicalIdLm53ESt23mersenne_twister_engineImLm32ELm624ELm397ELm31ELm2567483615ELm11ELm4294967295ELm7ELm2636928640ELm15ELm4022730752ELm18ELm1812433253EEET_RT1_;;
