block_id;module;source_info;time_p;time_s;time_s_min;time_s_avg;time_s_max;cov_deviation;time_deviation;nb_threads;flops;
290;BSM;;58.516162872314;11.47499370575;;;;;;;;
288;BSM;;38.755828857422;7.600001335144;;;;;;;;
289;BSM;;0.35696145892143;0.069999985396862;;;;;;;;
291;BSM;;0.33146426081657;0.064999997615814;;;;;;;;
188;BSM;;0.15298350155354;0.029999999329448;;;;;;;;
293;BSM;;0.025497250258923;0.00499999942258;;;;;;;;
