block_id;module;source_info;time_p;time_s;time_s_min;time_s_avg;time_s_max;cov_deviation;time_deviation;nb_threads;flops;
290;BSM;;58.560710906982;11.594996452332;;;;;;;;
288;BSM;;38.510185241699;7.6250009536743;;;;;;;;
289;BSM;;0.40404114127159;0.079999975860119;;;;;;;;
291;BSM;;0.35353603959084;0.069999992847443;;;;;;;;
188;BSM;;0.20202060043812;0.03999999910593;;;;;;;;
243;BSM;;0.025252575054765;0.0049999998882413;;;;;;;;
298;BSM;;0.025252575054765;0.0049999998882413;;;;;;;;
