block_id;module;source_info;time_p;time_s;time_s_min;time_s_avg;time_s_max;cov_deviation;time_deviation;nb_threads;flops;
290;BSM;;58.890953063965;11.574991226196;;;;;;;;
288;BSM;;38.387268066406;7.5450010299683;;;;;;;;
289;BSM;;0.43246078491211;0.084999985992908;;;;;;;;
291;BSM;;0.30526646971703;0.059999991208315;;;;;;;;
188;BSM;;0.17807212471962;0.035000000149012;;;;;;;;
287;BSM;;0.1017554923892;0.01999999769032;;;;;;;;
244;BSM;;0.025438873097301;0.00499999942258;;;;;;;;
