block_id;module;source_info;time_p;time_s;time_s_min;time_s_avg;time_s_max;cov_deviation;time_deviation;nb_threads;flops;
290;BSM;;58.676280975342;11.479992866516;;;;;;;;
288;BSM;;38.512725830078;7.5350008010864;;;;;;;;
291;BSM;;0.40889406204224;0.079999975860119;;;;;;;;
289;BSM;;0.3577823638916;0.069999992847443;;;;;;;;
188;BSM;;0.12777942419052;0.024999998509884;;;;;;;;
180;BSM;;0.025555884465575;0.00499999942258;;;;;;;;
295;BSM;;0.025555884465575;0.00499999942258;;;;;;;;
