block_id;module;source_info;time_p;time_s;time_s_min;time_s_avg;time_s_max;cov_deviation;time_deviation;nb_threads;flops;
290;BSM;;59.421482086182;11.809995651245;;;;;;;;
288;BSM;;37.886878967285;7.530002117157;;;;;;;;
291;BSM;;0.35220187902451;0.069999985396862;;;;;;;;
289;BSM;;0.22641552984715;0.044999994337559;;;;;;;;
188;BSM;;0.12578640878201;0.024999998509884;;;;;;;;
287;BSM;;0.05031456425786;0.00999999884516;;;;;;;;
293;BSM;;0.02515728212893;0.00499999942258;;;;;;;;
