block_id;module;source_info;time_p;time_s;time_s_min;time_s_avg;time_s_max;cov_deviation;time_deviation;nb_threads;flops;
290;BSM;;59.431640625;11.499997138977;;;;;;;;
288;BSM;;37.77787399292;7.3100023269653;;;;;;;;
291;BSM;;0.4651173055172;0.089999996125698;;;;;;;;
289;BSM;;0.31007820367813;0.059999994933605;;;;;;;;
188;BSM;;0.15503910183907;0.029999997466803;;;;;;;;
293;BSM;;0.077519550919533;0.014999998733401;;;;;;;;
