block_id;module;source_info;time_p;time_s;time_s_min;time_s_avg;time_s_max;cov_deviation;time_deviation;nb_threads;flops;
290;BSM;;59.005668640137;11.629996299744;;;;;;;;
288;BSM;;38.1279296875;7.5150012969971;;;;;;;;
289;BSM;;0.48198965191841;0.094999991357327;;;;;;;;
291;BSM;;0.32978236675262;0.064999990165234;;;;;;;;
188;BSM;;0.2029430270195;0.03999999910593;;;;;;;;
293;BSM;;0.025367878377438;0.0049999998882413;;;;;;;;
204;BSM;;0.025367878377438;0.0049999998882413;;;;;;;;
