block_id;module;source_info;time_p;time_s;time_s_min;time_s_avg;time_s_max;cov_deviation;time_deviation;nb_threads;flops;
290;BSM;;59.024826049805;11.559979438782;;;;;;;;
288;BSM;;38.550025939941;7.550000667572;;;;;;;;
289;BSM;;0.40847697854042;0.079999983310699;;;;;;;;
291;BSM;;0.22976830601692;0.044999994337559;;;;;;;;
188;BSM;;0.1276490688324;0.025000000372529;;;;;;;;
244;BSM;;0.025529813021421;0.00499999942258;;;;;;;;
