block_id;module;source_info;time_p;time_s;time_s_min;time_s_avg;time_s_max;cov_deviation;time_deviation;nb_threads;flops;
290;BSM;;58.799892425537;11.659990310669;;;;;;;;
288;BSM;;38.527584075928;7.6400012969971;;;;;;;;
291;BSM;;0.42864441871643;0.084999985992908;;;;;;;;
289;BSM;;0.32778695225716;0.064999997615814;;;;;;;;
188;BSM;;0.15128628909588;0.029999997466803;;;;;;;;
287;BSM;;0.02521438151598;0.0049999998882413;;;;;;;;
