block_id;module;source_info;time_p;time_s;time_s_min;time_s_avg;time_s_max;cov_deviation;time_deviation;nb_threads;flops;
290;BSM;;58.744037628174;11.505000114441;;;;;;;;
288;BSM;;38.422336578369;7.5250020027161;;;;;;;;
289;BSM;;0.45953604578972;0.089999973773956;;;;;;;;
291;BSM;;0.22976805269718;0.044999998062849;;;;;;;;
188;BSM;;0.076589353382587;0.014999999664724;;;;;;;;
287;BSM;;0.025529783219099;0.0049999998882413;;;;;;;;
295;BSM;;0.025529783219099;0.0049999998882413;;;;;;;;
