function_id;module;function_name;source_info;inc_time_p;inc_time_s;inc_time_s_min;inc_time_s_avg;inc_time_s_max;inc_cov_deviation;inc_time_deviation;exc_time_p;exc_time_s;exc_time_s_min;exc_time_s_avg;exc_time_s_max;exc_cov_deviation;exc_time_deviation;nb_threads;cats;label_name;flops;
13;BSM;main._omp_fn.0;;53.701473236084;9.1400022506714;0;0;0;0;0;9.0246048785048e-06;1.5359896679001e-06;0;0;0;0;0;;"100,0,0,0,0,0,0,0,0,0";main._omp_fn.0;;
18;BSM;double std::generate_canonical<double, 53ul, std::mersenne_twister_engine<unsigned long, 32ul, 624ul, 397ul, 31ul, 2567483615ul, 11ul, 4294967295ul, 7ul, 2636928640ul, 15ul, 4022730752ul, 18ul, 1812433253ul> >(std::mersenne_twister_engine<unsigned long, 32ul, 624ul, 397ul, 31ul, 2567483615ul, 11ul, 4294967295ul, 7ul, 2636928640ul, 15ul, 4022730752ul, 18ul, 1812433253ul>&);;23.971771240234;4.0800004005432;0;0;0;0;0;19.506441116333;3.32000041008;0;0;0;0;0;;"100,0,0,0,0,0,0,0,0,0";_ZSt18generate_canonicalIdLm53ESt23mersenne_twister_engineImLm32ELm624ELm397ELm31ELm2567483615ELm11ELm4294967295ELm7ELm2636928640ELm15ELm4022730752ELm18ELm1812433253EEET_RT1_;;
420;libamath.so;__exp_finite;;9.0481691360474;1.5400003194809;0;0;0;0;0;9.0481691360474;1.5400003194809;0;0;0;0;0;;"0,0,0,100,0,0,0,0,0,0";__exp_finite;;
17;BSM;std::mersenne_twister_engine<unsigned long, 32ul, 624ul, 397ul, 31ul, 2567483615ul, 11ul, 4294967295ul, 7ul, 2636928640ul, 15ul, 4022730752ul, 18ul, 1812433253ul>::_M_gen_rand();;6.3160915374756;1.075000166893;0;0;0;0;0;0.05875563248992;0.010000221431255;0;0;0;0;0;;"100,0,0,0,0,0,0,0,0,0";_ZNSt23mersenne_twister_engineImLm32ELm624ELm397ELm31ELm2567483615ELm11ELm4294967295ELm7ELm2636928640ELm15ELm4022730752ELm18ELm1812433253EE11_M_gen_randEv;;
1966;libamath.so;__fd_log_1;;5.5522871017456;0.9450004696846;0;0;0;0;0;5.5522871017456;0.9450004696846;0;0;0;0;0;;"0,0,0,100,0,0,0,0,0,0";__fd_log_1;;
-1;BSM;unknown_function;;1.4101037979126;0.23999996483326;0;0;0;0;0;0;0;0;0;0;0;0;;"100,0,0,0,0,0,0,0,0,0";Unknown function;;
