block_id;module;source_info;time_p;time_s;time_s_min;time_s_avg;time_s_max;cov_deviation;time_deviation;nb_threads;flops;
285;BSM;;14.285714149475;0.0049999984912574;;;;;;;;
201;BSM;;14.285714149475;0.0049999984912574;;;;;;;;
180;BSM;;14.285714149475;0.0049999984912574;;;;;;;;
287;BSM;;14.285714149475;0.0049999984912574;;;;;;;;
