function_id;module;function_name;source_info;inc_time_p;inc_time_s;inc_time_s_min;inc_time_s_avg;inc_time_s_max;inc_cov_deviation;inc_time_deviation;exc_time_p;exc_time_s;exc_time_s_min;exc_time_s_avg;exc_time_s_max;exc_cov_deviation;exc_time_deviation;nb_threads;cats;label_name;flops;
13;BSM;main._omp_fn.0;;84.162414550781;8.2899961471558;0;0;0;0;0;0;0;0;0;0;0;0;;"100,0,0,0,0,0,0,0,0,0";main._omp_fn.0;;
18;BSM;double std::generate_canonical<double, 53ul, std::mersenne_twister_engine<unsigned long, 32ul, 624ul, 397ul, 31ul, 2567483615ul, 11ul, 4294967295ul, 7ul, 2636928640ul, 15ul, 4022730752ul, 18ul, 1812433253ul> >(std::mersenne_twister_engine<unsigned long, 32ul, 624ul, 397ul, 31ul, 2567483615ul, 11ul, 4294967295ul, 7ul, 2636928640ul, 15ul, 4022730752ul, 18ul, 1812433253ul>&);;9.4923858642578;0.93499982357025;0;0;0;0;0;2.994922876358;0.29499983787537;0;0;0;0;0;;"100,0,0,0,0,0,0,0,0,0";_ZSt18generate_canonicalIdLm53ESt23mersenne_twister_engineImLm32ELm624ELm397ELm31ELm2567483615ELm11ELm4294967295ELm7ELm2636928640ELm15ELm4022730752ELm18ELm1812433253EEET_RT1_;;
654;libm.so.6;f64xsubf128;;4.0101523399353;0.39499992132187;0;0;0;0;0;4.0101523399353;0.39499992132187;0;0;0;0;0;;"0,0,0,100,0,0,0,0,0,0";f64xsubf128;;
340;libm.so.6;exp;;1.5736041069031;0.15499997138977;0;0;0;0;0;1.5736041069031;0.15499997138977;0;0;0;0;0;;"0,0,0,100,0,0,0,0,0,0";exp;;
17;BSM;std::mersenne_twister_engine<unsigned long, 32ul, 624ul, 397ul, 31ul, 2567483615ul, 11ul, 4294967295ul, 7ul, 2636928640ul, 15ul, 4022730752ul, 18ul, 1812433253ul>::_M_gen_rand();;0.45685279369354;0.044999986886978;0;0;0;0;0;0.050761424005032;0.0049999989569187;0;0;0;0;0;;"100,0,0,0,0,0,0,0,0,0";_ZNSt23mersenne_twister_engineImLm32ELm624ELm397ELm31ELm2567483615ELm11ELm4294967295ELm7ELm2636928640ELm15ELm4022730752ELm18ELm1812433253EE11_M_gen_randEv;;
-1;BSM;unknown_function;;0.15228427946568;0.014999997802079;0;0;0;0;0;0;0;0;0;0;0;0;;"100,0,0,0,0,0,0,0,0,0";Unknown function;;
338;libm.so.6;log;;0.10152284801006;0.0099999979138374;0;0;0;0;0;0.10152284801006;0.0099999979138374;0;0;0;0;0;;"0,0,0,100,0,0,0,0,0,0";log;;
284;libgomp.so.1.0.0;omp_get_num_procs;;0.050761424005032;0.0049999989569187;0;0;0;0;0;0.050761424005032;0.0049999989569187;0;0;0;0;0;;"0,0,100,0,0,0,0,0,0,0";omp_get_num_procs;;
