loop_id;module;function_name;function_id;source_info;level;inc_time_p;inc_time_s;inc_time_s_min;inc_time_s_avg;inc_time_s_max;inc_cov_deviation;inc_time_deviation;exc_time_p;exc_time_s;exc_time_s_min;exc_time_s_avg;exc_time_s_max;exc_cov_deviation;exc_time_deviation;nb_threads;flops;
4;BSM;main._omp_fn.0;13;;InBetween;56.068214416504;5.5899982452393;;;;;;56.068214416504;5.5899982452393;;;;;;;;
7;BSM;main._omp_fn.0;13;;InBetween;85.356086730957;8.5099983215332;;;;;;26.278844833374;2.6199996471405;;;;;;;;
13;BSM;double std::generate_canonical<double, 53ul, std::mersenne_twister_engine<unsigned long, 32ul, 624ul, 397ul, 31ul, 2567483615ul, 11ul, 4294967295ul, 7ul, 2636928640ul, 15ul, 4022730752ul, 18ul, 1812433253ul> >(std::mersenne_twister_engine<unsigned long, 32ul, 624ul, 397ul, 31ul, 2567483615ul, 11ul, 4294967295ul, 7ul, 2636928640ul, 15ul, 4022730752ul, 18ul, 1812433253ul>&);18;;Innermost;4.8645949363708;0.48499992489815;;;;;;4.8645949363708;0.48499992489815;;;;;;;;
5;BSM;main._omp_fn.0;13;;Innermost;3.0090279579163;0.29999995231628;;;;;;3.0090279579163;0.29999995231628;;;;;;;;
12;BSM;std::mersenne_twister_engine<unsigned long, 32ul, 624ul, 397ul, 31ul, 2567483615ul, 11ul, 4294967295ul, 7ul, 2636928640ul, 15ul, 4022730752ul, 18ul, 1812433253ul>::_M_gen_rand();17;;Single;0.20060184597969;0.019999995827675;;;;;;0.20060184597969;0.019999995827675;;;;;;;;
11;BSM;std::mersenne_twister_engine<unsigned long, 32ul, 624ul, 397ul, 31ul, 2567483615ul, 11ul, 4294967295ul, 7ul, 2636928640ul, 15ul, 4022730752ul, 18ul, 1812433253ul>::_M_gen_rand();17;;Single;0.15045139193535;0.014999996870756;;;;;;0.15045139193535;0.014999996870756;;;;;;;;
