loop_id;module;function_name;function_id;source_info;level;inc_time_p;inc_time_s;inc_time_s_min;inc_time_s_avg;inc_time_s_max;inc_cov_deviation;inc_time_deviation;exc_time_p;exc_time_s;exc_time_s_min;exc_time_s_avg;exc_time_s_max;exc_cov_deviation;exc_time_deviation;nb_threads;flops;
4;BSM;main._omp_fn.0;13;;InBetween;55.942638397217;5.4599981307983;;;;;;55.942638397217;5.4599981307983;;;;;;;;
7;BSM;main._omp_fn.0;13;;InBetween;83.709045410156;8.1699981689453;;;;;;24.79508972168;2.4199993610382;;;;;;;;
13;BSM;double std::generate_canonical<double, 53ul, std::mersenne_twister_engine<unsigned long, 32ul, 624ul, 397ul, 31ul, 2567483615ul, 11ul, 4294967295ul, 7ul, 2636928640ul, 15ul, 4022730752ul, 18ul, 1812433253ul> >(std::mersenne_twister_engine<unsigned long, 32ul, 624ul, 397ul, 31ul, 2567483615ul, 11ul, 4294967295ul, 7ul, 2636928640ul, 15ul, 4022730752ul, 18ul, 1812433253ul>&);18;;Innermost;5.1741824150085;0.50499993562698;;;;;;5.1741824150085;0.50499993562698;;;;;;;;
5;BSM;main._omp_fn.0;13;;Innermost;2.9713127613068;0.28999996185303;;;;;;2.9713127613068;0.28999996185303;;;;;;;;
12;BSM;std::mersenne_twister_engine<unsigned long, 32ul, 624ul, 397ul, 31ul, 2567483615ul, 11ul, 4294967295ul, 7ul, 2636928640ul, 15ul, 4022730752ul, 18ul, 1812433253ul>::_M_gen_rand();17;;Single;0.35860672593117;0.034999996423721;;;;;;0.35860672593117;0.034999996423721;;;;;;;;
11;BSM;std::mersenne_twister_engine<unsigned long, 32ul, 624ul, 397ul, 31ul, 2567483615ul, 11ul, 4294967295ul, 7ul, 2636928640ul, 15ul, 4022730752ul, 18ul, 1812433253ul>::_M_gen_rand();17;;Single;0.25614762306213;0.024999994784594;;;;;;0.25614762306213;0.024999994784594;;;;;;;;
