function_id;module;function_name;source_info;inc_time_p;inc_time_s;inc_time_s_min;inc_time_s_avg;inc_time_s_max;inc_cov_deviation;inc_time_deviation;exc_time_p;exc_time_s;exc_time_s_min;exc_time_s_avg;exc_time_s_max;exc_cov_deviation;exc_time_deviation;nb_threads;cats;label_name;flops;
13;BSM;main._omp_fn.0;;39.270401000977;0.91499996185303;0;0;0;0;0;0;0;0;0;0;0;0;;"100,0,0,0,0,0,0,0,0,0";main._omp_fn.0;;
18;BSM;double std::generate_canonical<double, 53ul, std::mersenne_twister_engine<unsigned long, 32ul, 624ul, 397ul, 31ul, 2567483615ul, 11ul, 4294967295ul, 7ul, 2636928640ul, 15ul, 4022730752ul, 18ul, 1812433253ul> >(std::mersenne_twister_engine<unsigned long, 32ul, 624ul, 397ul, 31ul, 2567483615ul, 11ul, 4294967295ul, 7ul, 2636928640ul, 15ul, 4022730752ul, 18ul, 1812433253ul>&);;34.549373626709;0.8050000667572;0;0;0;0;0;18.884128570557;0.43999999761581;0;0;0;0;0;;"100,0,0,0,0,0,0,0,0,0";_ZSt18generate_canonicalIdLm53ESt23mersenne_twister_engineImLm32ELm624ELm397ELm31ELm2567483615ELm11ELm4294967295ELm7ELm2636928640ELm15ELm4022730752ELm18ELm1812433253EEET_RT1_;;
654;libm.so.6;f64xsubf128;;20.171680450439;0.46999996900558;0;0;0;0;0;20.171680450439;0.46999996900558;0;0;0;0;0;;"0,0,0,100,0,0,0,0,0,0";f64xsubf128;;
17;BSM;std::mersenne_twister_engine<unsigned long, 32ul, 624ul, 397ul, 31ul, 2567483615ul, 11ul, 4294967295ul, 7ul, 2636928640ul, 15ul, 4022730752ul, 18ul, 1812433253ul>::_M_gen_rand();;2.7897007465363;0.064999997615814;0;0;0;0;0;1.7190858159211e-07;4.0054679573132e-09;0;0;0;0;0;;"100,0,0,0,0,0,0,0,0,0";_ZNSt23mersenne_twister_engineImLm32ELm624ELm397ELm31ELm2567483615ELm11ELm4294967295ELm7ELm2636928640ELm15ELm4022730752ELm18ELm1812433253EE11_M_gen_randEv;;
340;libm.so.6;exp;;2.5751085281372;0.060000002384186;0;0;0;0;0;2.5751085281372;0.060000002384186;0;0;0;0;0;;"0,0,0,100,0,0,0,0,0,0";exp;;
3;libm.so.6;.plt.sec@start;;0.42918473482132;0.0099999997764826;0;0;0;0;0;0.42918473482132;0.0099999997764826;0;0;0;0;0;;"0,0,0,100,0,0,0,0,0,0";.plt.sec@start;;
284;libgomp.so.1.0.0;omp_get_num_procs;;0.21459236741066;0.0049999998882413;0;0;0;0;0;0.21459236741066;0.0049999998882413;0;0;0;0;0;;"0,0,100,0,0,0,0,0,0,0";omp_get_num_procs;;
