loop_id;module;function_name;function_id;source_info;level;inc_time_p;inc_time_s;inc_time_s_min;inc_time_s_avg;inc_time_s_max;inc_cov_deviation;inc_time_deviation;exc_time_p;exc_time_s;exc_time_s_min;exc_time_s_avg;exc_time_s_max;exc_cov_deviation;exc_time_deviation;nb_threads;flops;
7;BSM;main._omp_fn.0;13;;InBetween;19.078952789307;0.43500006198883;;;;;;19.078952789307;0.43500006198883;;;;;;;;
13;BSM;double std::generate_canonical<double, 53ul, std::mersenne_twister_engine<unsigned long, 32ul, 624ul, 397ul, 31ul, 2567483615ul, 11ul, 4294967295ul, 7ul, 2636928640ul, 15ul, 4022730752ul, 18ul, 1812433253ul> >(std::mersenne_twister_engine<unsigned long, 32ul, 624ul, 397ul, 31ul, 2567483615ul, 11ul, 4294967295ul, 7ul, 2636928640ul, 15ul, 4022730752ul, 18ul, 1812433253ul>&);18;;Innermost;18.859651565552;0.43000000715256;;;;;;18.859651565552;0.43000000715256;;;;;;;;
6;BSM;main._omp_fn.0;13;;InBetween;20.394737243652;0.46499994397163;;;;;;12.938597679138;0.29499998688698;;;;;;;;
4;BSM;main._omp_fn.0;13;;Innermost;7.4561400413513;0.16999997198582;;;;;;7.4561400413513;0.16999997198582;;;;;;;;
12;BSM;std::mersenne_twister_engine<unsigned long, 32ul, 624ul, 397ul, 31ul, 2567483615ul, 11ul, 4294967295ul, 7ul, 2636928640ul, 15ul, 4022730752ul, 18ul, 1812433253ul>::_M_gen_rand();17;;Single;1.3157896995544;0.030000001192093;;;;;;1.3157896995544;0.030000001192093;;;;;;;;
11;BSM;std::mersenne_twister_engine<unsigned long, 32ul, 624ul, 397ul, 31ul, 2567483615ul, 11ul, 4294967295ul, 7ul, 2636928640ul, 15ul, 4022730752ul, 18ul, 1812433253ul>::_M_gen_rand();17;;Single;0.43859654664993;0.0099999997764826;;;;;;0.43859654664993;0.0099999997764826;;;;;;;;
