function_id;module;function_name;source_info;inc_time_p;inc_time_s;inc_time_s_min;inc_time_s_avg;inc_time_s_max;inc_cov_deviation;inc_time_deviation;exc_time_p;exc_time_s;exc_time_s_min;exc_time_s_avg;exc_time_s_max;exc_cov_deviation;exc_time_deviation;nb_threads;cats;label_name;flops;
11;BSM;main._omp_fn.0;random.h:248-248,random.h:1760-1760,random.h:1766-1766,random.h:1782-1782,random.h:2173-2175,random.h:2238-2238,char_traits.h:350-350,char_traits.h:427-427,basic_string.h:194-194,basic_string.h:223-228,basic_string.h:269-269,basic_string.h:294-294,basic_string.h:809-809,random.tcc:330-342,random.tcc:1820-1823,random.tcc:1832-1842,random.tcc:3367-3371,cmath:327-327,cmath:443-443,new_allocator.h:104-104,new_allocator.h:172-172,BSM_32.cxx:93-116,BSM_32.cxx:122-131;58.536594390869;0.36000007390976;0;0;0;0;0;1.1544804692676e-05;7.1000549439759e-08;0;0;0;0;0;;"100,0,0,0,0,0,0,0,0,0";main._omp_fn.0;;
1068;libamath.so;_ZGVsMxv_expf;;21.138208389282;0.12999999523163;0;0;0;0;0;21.138208389282;0.12999999523163;0;0;0;0;0;;"0,0,0,100,0,0,0,0,0,0";_ZGVsMxv_expf;;
16;BSM;std::mersenne_twister_engine<unsigned long, 32ul, 624ul, 397ul, 31ul, 2567483615ul, 11ul, 4294967295ul, 7ul, 2636928640ul, 15ul, 4022730752ul, 18ul, 1812433253ul>::operator()();random.tcc:453-469;12.195120811462;0.074999995529652;0;0;0;0;0;4.0650405883789;0.025000000372529;0;0;0;0;0;;"100,0,0,0,0,0,0,0,0,0";_ZNSt23mersenne_twister_engineImLm32ELm624ELm397ELm31ELm2567483615ELm11ELm4294967295ELm7ELm2636928640ELm15ELm4022730752ELm18ELm1812433253EEclEv;;
15;BSM;std::mersenne_twister_engine<unsigned long, 32ul, 624ul, 397ul, 31ul, 2567483615ul, 11ul, 4294967295ul, 7ul, 2636928640ul, 15ul, 4022730752ul, 18ul, 1812433253ul>::_M_gen_rand();random.tcc:404-425;3.2520322799683;0.019999999552965;0;0;0;0;0;0;0;0;0;0;0;0;;"100,0,0,0,0,0,0,0,0,0";_ZNSt23mersenne_twister_engineImLm32ELm624ELm397ELm31ELm2567483615ELm11ELm4294967295ELm7ELm2636928640ELm15ELm4022730752ELm18ELm1812433253EE11_M_gen_randEv;;
1023;libamath.so;__fs_log_1;;2.4390242099762;0.014999999664724;0;0;0;0;0;2.4390242099762;0.014999999664724;0;0;0;0;0;;"0,0,0,100,0,0,0,0,0,0";__fs_log_1;;
-1;BSM;unknown_function;;2.4390242099762;0.014999999664724;0;0;0;0;0;0;0;0;0;0;0;0;;"100,0,0,0,0,0,0,0,0,0";Unknown function;;
