loop_id;module;function_name;function_id;source_info;level;inc_time_p;inc_time_s;inc_time_s_min;inc_time_s_avg;inc_time_s_max;inc_cov_deviation;inc_time_deviation;exc_time_p;exc_time_s;exc_time_s_min;exc_time_s_avg;exc_time_s_max;exc_cov_deviation;exc_time_deviation;nb_threads;flops;
5;BSM;main._omp_fn.0;11;random.tcc:3370-3370,BSM_32.cxx:106-109,BSM_32.cxx:112-113,BSM_32.cxx:122-127;InBetween;26.016260147095;0.15999999642372;;;;;;26.016260147095;0.15999999642372;;;;;;;;
11;BSM;main._omp_fn.0;11;random.tcc:1832-1834,random.tcc:3367-3371;Innermost;13.008129119873;0.079999998211861;;;;;;13.008129119873;0.079999998211861;;;;;;;;
12;BSM;main._omp_fn.0;11;cmath:443-443;InBetween;26.016258239746;0.15999999642372;;;;;;11.382113456726;0.070000000298023;;;;;;;;
16;BSM;std::mersenne_twister_engine<unsigned long, 32ul, 624ul, 397ul, 31ul, 2567483615ul, 11ul, 4294967295ul, 7ul, 2636928640ul, 15ul, 4022730752ul, 18ul, 1812433253ul>::operator()();16;random.tcc:459-469;Single;8.1300802230835;0.049999993294477;;;;;;8.1300802230835;0.049999993294477;;;;;;;;
10;BSM;main._omp_fn.0;11;random.h:2238-2238,random.tcc:1820-1823,random.tcc:1842-1842,BSM_32.cxx:112-116;Innermost;4.0650401115417;0.024999996647239;;;;;;4.0650401115417;0.024999996647239;;;;;;;;
6;BSM;main._omp_fn.0;11;BSM_32.cxx:113-113;InBetween;28.455284118652;0.17499999701977;;;;;;2.4390242099762;0.014999999664724;;;;;;;;
15;BSM;std::mersenne_twister_engine<unsigned long, 32ul, 624ul, 397ul, 31ul, 2567483615ul, 11ul, 4294967295ul, 7ul, 2636928640ul, 15ul, 4022730752ul, 18ul, 1812433253ul>::_M_gen_rand();15;random.tcc:412-417;Single;2.4390242099762;0.014999999664724;;;;;;2.4390242099762;0.014999999664724;;;;;;;;
13;BSM;main._omp_fn.0;11;random.tcc:1834-1839,random.tcc:3367-3367,random.tcc:3371-3371,cmath:327-327,cmath:443-443;InBetween;14.63414478302;0.089999988675117;;;;;;1.6260161399841;0.0099999997764826;;;;;;;;
14;BSM;std::mersenne_twister_engine<unsigned long, 32ul, 624ul, 397ul, 31ul, 2567483615ul, 11ul, 4294967295ul, 7ul, 2636928640ul, 15ul, 4022730752ul, 18ul, 1812433253ul>::_M_gen_rand();15;random.tcc:404-409;Single;0.81300806999207;0.0049999998882413;;;;;;0.81300806999207;0.0049999998882413;;;;;;;;
