loop_id;module;function_name;function_id;source_info;level;inc_time_p;inc_time_s;inc_time_s_min;inc_time_s_avg;inc_time_s_max;inc_cov_deviation;inc_time_deviation;exc_time_p;exc_time_s;exc_time_s_min;exc_time_s_avg;exc_time_s_max;exc_cov_deviation;exc_time_deviation;nb_threads;flops;
4;BSM;main._omp_fn.0;13;;InBetween;58.505577087402;5.519998550415;;;;;;58.505577087402;5.519998550415;;;;;;;;
7;BSM;main._omp_fn.0;13;;InBetween;85.002662658691;8.0199975967407;;;;;;22.363548278809;2.1099998950958;;;;;;;;
13;BSM;double std::generate_canonical<double, 53ul, std::mersenne_twister_engine<unsigned long, 32ul, 624ul, 397ul, 31ul, 2567483615ul, 11ul, 4294967295ul, 7ul, 2636928640ul, 15ul, 4022730752ul, 18ul, 1812433253ul> >(std::mersenne_twister_engine<unsigned long, 32ul, 624ul, 397ul, 31ul, 2567483615ul, 11ul, 4294967295ul, 7ul, 2636928640ul, 15ul, 4022730752ul, 18ul, 1812433253ul>&);18;;Innermost;4.3455233573914;0.40999993681908;;;;;;4.3455233573914;0.40999993681908;;;;;;;;
5;BSM;main._omp_fn.0;13;;Innermost;4.1335463523865;0.38999992609024;;;;;;4.1335463523865;0.38999992609024;;;;;;;;
12;BSM;std::mersenne_twister_engine<unsigned long, 32ul, 624ul, 397ul, 31ul, 2567483615ul, 11ul, 4294967295ul, 7ul, 2636928640ul, 15ul, 4022730752ul, 18ul, 1812433253ul>::_M_gen_rand();17;;Single;0.15898256003857;0.014999997802079;;;;;;0.15898256003857;0.014999997802079;;;;;;;;
11;BSM;std::mersenne_twister_engine<unsigned long, 32ul, 624ul, 397ul, 31ul, 2567483615ul, 11ul, 4294967295ul, 7ul, 2636928640ul, 15ul, 4022730752ul, 18ul, 1812433253ul>::_M_gen_rand();17;;Single;0.15898256003857;0.014999997802079;;;;;;0.15898256003857;0.014999997802079;;;;;;;;
