loop_id;module;function_name;function_id;source_info;level;inc_time_p;inc_time_s;inc_time_s_min;inc_time_s_avg;inc_time_s_max;inc_cov_deviation;inc_time_deviation;exc_time_p;exc_time_s;exc_time_s_min;exc_time_s_avg;exc_time_s_max;exc_cov_deviation;exc_time_deviation;nb_threads;flops;
4;BSM;main._omp_fn.0;13;;InBetween;54.337635040283;5.229998588562;;;;;;54.337635040283;5.229998588562;;;;;;;;
7;BSM;main._omp_fn.0;13;;InBetween;83.324630737305;8.0199975967407;;;;;;25.558427810669;2.4599993228912;;;;;;;;
13;BSM;double std::generate_canonical<double, 53ul, std::mersenne_twister_engine<unsigned long, 32ul, 624ul, 397ul, 31ul, 2567483615ul, 11ul, 4294967295ul, 7ul, 2636928640ul, 15ul, 4022730752ul, 18ul, 1812433253ul> >(std::mersenne_twister_engine<unsigned long, 32ul, 624ul, 397ul, 31ul, 2567483615ul, 11ul, 4294967295ul, 7ul, 2636928640ul, 15ul, 4022730752ul, 18ul, 1812433253ul>&);18;;Innermost;5.8701257705688;0.56499975919724;;;;;;5.8701257705688;0.56499975919724;;;;;;;;
5;BSM;main._omp_fn.0;13;;Innermost;3.4285697937012;0.32999995350838;;;;;;3.4285697937012;0.32999995350838;;;;;;;;
11;BSM;std::mersenne_twister_engine<unsigned long, 32ul, 624ul, 397ul, 31ul, 2567483615ul, 11ul, 4294967295ul, 7ul, 2636928640ul, 15ul, 4022730752ul, 18ul, 1812433253ul>::_M_gen_rand();17;;Single;0.25974011421204;0.024999992921948;;;;;;0.25974011421204;0.024999992921948;;;;;;;;
12;BSM;std::mersenne_twister_engine<unsigned long, 32ul, 624ul, 397ul, 31ul, 2567483615ul, 11ul, 4294967295ul, 7ul, 2636928640ul, 15ul, 4022730752ul, 18ul, 1812433253ul>::_M_gen_rand();17;;Single;0.05194802954793;0.00499999942258;;;;;;0.05194802954793;0.00499999942258;;;;;;;;
