loop_id;module;function_name;function_id;source_info;level;inc_time_p;inc_time_s;inc_time_s_min;inc_time_s_avg;inc_time_s_max;inc_cov_deviation;inc_time_deviation;exc_time_p;exc_time_s;exc_time_s_min;exc_time_s_avg;exc_time_s_max;exc_cov_deviation;exc_time_deviation;nb_threads;flops;
4;BSM;main._omp_fn.0;13;;InBetween;58.282814025879;5.769998550415;;;;;;58.282814025879;5.769998550415;;;;;;;;
7;BSM;main._omp_fn.0;13;;InBetween;84.59593963623;8.3749980926514;;;;;;23.434341430664;2.3199996948242;;;;;;;;
13;BSM;double std::generate_canonical<double, 53ul, std::mersenne_twister_engine<unsigned long, 32ul, 624ul, 397ul, 31ul, 2567483615ul, 11ul, 4294967295ul, 7ul, 2636928640ul, 15ul, 4022730752ul, 18ul, 1812433253ul> >(std::mersenne_twister_engine<unsigned long, 32ul, 624ul, 397ul, 31ul, 2567483615ul, 11ul, 4294967295ul, 7ul, 2636928640ul, 15ul, 4022730752ul, 18ul, 1812433253ul>&);18;;Innermost;5.6060605049133;0.55499994754791;;;;;;5.6060605049133;0.55499994754791;;;;;;;;
5;BSM;main._omp_fn.0;13;;Innermost;2.8787875175476;0.2849999666214;;;;;;2.8787875175476;0.2849999666214;;;;;;;;
12;BSM;std::mersenne_twister_engine<unsigned long, 32ul, 624ul, 397ul, 31ul, 2567483615ul, 11ul, 4294967295ul, 7ul, 2636928640ul, 15ul, 4022730752ul, 18ul, 1812433253ul>::_M_gen_rand();17;;Single;0.2020201832056;0.01999999769032;;;;;;0.2020201832056;0.01999999769032;;;;;;;;
11;BSM;std::mersenne_twister_engine<unsigned long, 32ul, 624ul, 397ul, 31ul, 2567483615ul, 11ul, 4294967295ul, 7ul, 2636928640ul, 15ul, 4022730752ul, 18ul, 1812433253ul>::_M_gen_rand();17;;Single;0.15151514112949;0.014999998733401;;;;;;0.15151514112949;0.014999998733401;;;;;;;;
