function_id;module;function_name;source_info;inc_time_p;inc_time_s;inc_time_s_min;inc_time_s_avg;inc_time_s_max;inc_cov_deviation;inc_time_deviation;exc_time_p;exc_time_s;exc_time_s_min;exc_time_s_avg;exc_time_s_max;exc_cov_deviation;exc_time_deviation;nb_threads;cats;label_name;flops;
13;BSM;main._omp_fn.0;;85.002647399902;8.0199966430664;0;0;0;0;0;0;0;0;0;0;0;0;;"100,0,0,0,0,0,0,0,0,0";main._omp_fn.0;;
18;BSM;double std::generate_canonical<double, 53ul, std::mersenne_twister_engine<unsigned long, 32ul, 624ul, 397ul, 31ul, 2567483615ul, 11ul, 4294967295ul, 7ul, 2636928640ul, 15ul, 4022730752ul, 18ul, 1812433253ul> >(std::mersenne_twister_engine<unsigned long, 32ul, 624ul, 397ul, 31ul, 2567483615ul, 11ul, 4294967295ul, 7ul, 2636928640ul, 15ul, 4022730752ul, 18ul, 1812433253ul>&);;7.5781688690186;0.71499991416931;0;0;0;0;0;3.2326457500458;0.30499997735023;0;0;0;0;0;;"100,0,0,0,0,0,0,0,0,0";_ZSt18generate_canonicalIdLm53ESt23mersenne_twister_engineImLm32ELm624ELm397ELm31ELm2567483615ELm11ELm4294967295ELm7ELm2636928640ELm15ELm4022730752ELm18ELm1812433253EEET_RT1_;;
654;libm.so.6;f64xsubf128;;5.2994184494019;0.49999991059303;0;0;0;0;0;5.2994184494019;0.49999991059303;0;0;0;0;0;;"0,0,0,100,0,0,0,0,0,0";f64xsubf128;;
340;libm.so.6;exp;;1.6428197622299;0.15499997138977;0;0;0;0;0;1.6428197622299;0.15499997138977;0;0;0;0;0;;"0,0,0,100,0,0,0,0,0,0";exp;;
17;BSM;std::mersenne_twister_engine<unsigned long, 32ul, 624ul, 397ul, 31ul, 2567483615ul, 11ul, 4294967295ul, 7ul, 2636928640ul, 15ul, 4022730752ul, 18ul, 1812433253ul>::_M_gen_rand();;0.31796512007713;0.029999995604157;0;0;0;0;0;0;0;0;0;0;0;0;;"100,0,0,0,0,0,0,0,0,0";_ZNSt23mersenne_twister_engineImLm32ELm624ELm397ELm31ELm2567483615ELm11ELm4294967295ELm7ELm2636928640ELm15ELm4022730752ELm18ELm1812433253EE11_M_gen_randEv;;
284;libgomp.so.1.0.0;omp_get_num_procs;;0.052994184195995;0.00499999942258;0;0;0;0;0;0.052994184195995;0.00499999942258;0;0;0;0;0;;"0,0,100,0,0,0,0,0,0,0";omp_get_num_procs;;
3;libm.so.6;.plt.sec@start;;0.052994184195995;0.00499999942258;0;0;0;0;0;0.052994184195995;0.00499999942258;0;0;0;0;0;;"0,0,0,100,0,0,0,0,0,0";.plt.sec@start;;
-1;BSM;unknown_function;;0.052994184195995;0.00499999942258;0;0;0;0;0;0;0;0;0;0;0;0;;"100,0,0,0,0,0,0,0,0,0";Unknown function;;
