loop_id;module;function_name;function_id;source_info;level;inc_time_p;inc_time_s;inc_time_s_min;inc_time_s_avg;inc_time_s_max;inc_cov_deviation;inc_time_deviation;exc_time_p;exc_time_s;exc_time_s_min;exc_time_s_avg;exc_time_s_max;exc_cov_deviation;exc_time_deviation;nb_threads;flops;
5;BSM;main._omp_fn.0;11;random.tcc:3370-3370,BSM_32.cxx:106-109,BSM_32.cxx:112-113,BSM_32.cxx:122-127;InBetween;29.633939743042;18.344984054565;;;;;;29.633939743042;18.344984054565;;;;;;;;
12;BSM;main._omp_fn.0;11;cmath:443-443;InBetween;28.842443466187;17.855005264282;;;;;;16.83215713501;10.41999912262;;;;;;;;
11;BSM;main._omp_fn.0;11;random.tcc:1832-1834,random.tcc:3367-3371;Innermost;10.071841239929;6.235004901886;;;;;;10.071841239929;6.235004901886;;;;;;;;
10;BSM;main._omp_fn.0;11;random.h:2238-2238,random.tcc:1820-1823,random.tcc:1842-1842,BSM_32.cxx:112-116;Innermost;4.6684188842773;2.889999628067;;;;;;4.6684188842773;2.889999628067;;;;;;;;
16;BSM;std::mersenne_twister_engine<unsigned long, 32ul, 624ul, 397ul, 31ul, 2567483615ul, 11ul, 4294967295ul, 7ul, 2636928640ul, 15ul, 4022730752ul, 18ul, 1812433253ul>::operator()();16;random.tcc:459-469;Single;3.6588151454926;2.2650010585785;;;;;;3.6588151454926;2.2650010585785;;;;;;;;
15;BSM;std::mersenne_twister_engine<unsigned long, 32ul, 624ul, 397ul, 31ul, 2567483615ul, 11ul, 4294967295ul, 7ul, 2636928640ul, 15ul, 4022730752ul, 18ul, 1812433253ul>::_M_gen_rand();15;random.tcc:412-417;Single;2.7945916652679;1.7300008535385;;;;;;2.7945916652679;1.7300008535385;;;;;;;;
13;BSM;main._omp_fn.0;11;random.tcc:1834-1839,random.tcc:3367-3367,random.tcc:3371-3371,cmath:327-327,cmath:443-443;InBetween;12.010285377502;7.4350051879883;;;;;;1.9384441375732;1.2000000476837;;;;;;;;
14;BSM;std::mersenne_twister_engine<unsigned long, 32ul, 624ul, 397ul, 31ul, 2567483615ul, 11ul, 4294967295ul, 7ul, 2636928640ul, 15ul, 4022730752ul, 18ul, 1812433253ul>::_M_gen_rand();15;random.tcc:404-409;Single;1.5103706121445;0.93499970436096;;;;;;1.5103706121445;0.93499970436096;;;;;;;;
6;BSM;main._omp_fn.0;11;BSM_32.cxx:113-113;InBetween;31.01508140564;19.199983596802;;;;;;1.3811409473419;0.85499966144562;;;;;;;;
