loop_id;module;function_name;function_id;source_info;level;inc_time_p;inc_time_s;inc_time_s_min;inc_time_s_avg;inc_time_s_max;inc_cov_deviation;inc_time_deviation;exc_time_p;exc_time_s;exc_time_s_min;exc_time_s_avg;exc_time_s_max;exc_cov_deviation;exc_time_deviation;nb_threads;flops;
5;BSM;main._omp_fn.0;11;random.tcc:3370-3370,BSM_32.cxx:106-109,BSM_32.cxx:112-113,BSM_32.cxx:122-127;InBetween;29.996755599976;18.864986419678;;;;;;29.996755599976;18.864986419678;;;;;;;;
12;BSM;main._omp_fn.0;11;cmath:443-443;InBetween;28.581611633301;17.97500038147;;;;;;16.822999954224;10.579998970032;;;;;;;;
11;BSM;main._omp_fn.0;11;random.tcc:1832-1834,random.tcc:3367-3371;Innermost;10.057233810425;6.3250031471252;;;;;;10.057233810425;6.3250031471252;;;;;;;;
10;BSM;main._omp_fn.0;11;random.h:2238-2238,random.tcc:1820-1823,random.tcc:1842-1842,BSM_32.cxx:112-116;Innermost;4.5794205665588;2.8800015449524;;;;;;4.5794205665588;2.8800015449524;;;;;;;;
16;BSM;std::mersenne_twister_engine<unsigned long, 32ul, 624ul, 397ul, 31ul, 2567483615ul, 11ul, 4294967295ul, 7ul, 2636928640ul, 15ul, 4022730752ul, 18ul, 1812433253ul>::operator()();16;random.tcc:459-469;Single;3.3630123138428;2.1150012016296;;;;;;3.3630123138428;2.1150012016296;;;;;;;;
15;BSM;std::mersenne_twister_engine<unsigned long, 32ul, 624ul, 397ul, 31ul, 2567483615ul, 11ul, 4294967295ul, 7ul, 2636928640ul, 15ul, 4022730752ul, 18ul, 1812433253ul>::_M_gen_rand();15;random.tcc:412-417;Single;2.7349302768707;1.7200000286102;;;;;;2.7349302768707;1.7200000286102;;;;;;;;
13;BSM;main._omp_fn.0;11;random.tcc:1834-1839,random.tcc:3367-3367,random.tcc:3371-3371,cmath:327-327,cmath:443-443;InBetween;11.758612632751;7.3950018882751;;;;;;1.7013798952103;1.0699993371964;;;;;;;;
14;BSM;std::mersenne_twister_engine<unsigned long, 32ul, 624ul, 397ul, 31ul, 2567483615ul, 11ul, 4294967295ul, 7ul, 2636928640ul, 15ul, 4022730752ul, 18ul, 1812433253ul>::_M_gen_rand();15;random.tcc:404-409;Single;1.5264720916748;0.95999962091446;;;;;;1.5264720916748;0.95999962091446;;;;;;;;
6;BSM;main._omp_fn.0;11;BSM_32.cxx:113-113;InBetween;31.364219665527;19.724985122681;;;;;;1.3674647808075;0.85999977588654;;;;;;;;
