loop_id;module;function_name;function_id;source_info;level;inc_time_p;inc_time_s;inc_time_s_min;inc_time_s_avg;inc_time_s_max;inc_cov_deviation;inc_time_deviation;exc_time_p;exc_time_s;exc_time_s_min;exc_time_s_avg;exc_time_s_max;exc_cov_deviation;exc_time_deviation;nb_threads;flops;
13;BSM;double std::generate_canonical<double, 53ul, std::mersenne_twister_engine<unsigned long, 32ul, 624ul, 397ul, 31ul, 2567483615ul, 11ul, 4294967295ul, 7ul, 2636928640ul, 15ul, 4022730752ul, 18ul, 1812433253ul> >(std::mersenne_twister_engine<unsigned long, 32ul, 624ul, 397ul, 31ul, 2567483615ul, 11ul, 4294967295ul, 7ul, 2636928640ul, 15ul, 4022730752ul, 18ul, 1812433253ul>&);18;;Innermost;17.710580825806;0.4099999666214;;;;;;17.710580825806;0.4099999666214;;;;;;;;
6;BSM;main._omp_fn.0;13;;InBetween;22.246217727661;0.51499992609024;;;;;;12.526996612549;0.28999996185303;;;;;;;;
7;BSM;main._omp_fn.0;13;;InBetween;12.095031738281;0.28000000119209;;;;;;12.095031738281;0.28000000119209;;;;;;;;
4;BSM;main._omp_fn.0;13;;Innermost;9.7192211151123;0.22499997913837;;;;;;9.7192211151123;0.22499997913837;;;;;;;;
12;BSM;std::mersenne_twister_engine<unsigned long, 32ul, 624ul, 397ul, 31ul, 2567483615ul, 11ul, 4294967295ul, 7ul, 2636928640ul, 15ul, 4022730752ul, 18ul, 1812433253ul>::_M_gen_rand();17;;Single;1.5118788480759;0.034999996423721;;;;;;1.5118788480759;0.034999996423721;;;;;;;;
11;BSM;std::mersenne_twister_engine<unsigned long, 32ul, 624ul, 397ul, 31ul, 2567483615ul, 11ul, 4294967295ul, 7ul, 2636928640ul, 15ul, 4022730752ul, 18ul, 1812433253ul>::_M_gen_rand();17;;Single;0.86393082141876;0.019999999552965;;;;;;0.86393082141876;0.019999999552965;;;;;;;;
