function_id;module;function_name;source_info;inc_time_p;inc_time_s;inc_time_s_min;inc_time_s_avg;inc_time_s_max;inc_cov_deviation;inc_time_deviation;exc_time_p;exc_time_s;exc_time_s_min;exc_time_s_avg;exc_time_s_max;exc_cov_deviation;exc_time_deviation;nb_threads;cats;label_name;flops;
13;BSM;main._omp_fn.0;;39.655181884766;0.9200000166893;0;0;0;0;0;0;0;0;0;0;0;0;;"100,0,0,0,0,0,0,0,0,0";main._omp_fn.0;;
18;BSM;double std::generate_canonical<double, 53ul, std::mersenne_twister_engine<unsigned long, 32ul, 624ul, 397ul, 31ul, 2567483615ul, 11ul, 4294967295ul, 7ul, 2636928640ul, 15ul, 4022730752ul, 18ul, 1812433253ul> >(std::mersenne_twister_engine<unsigned long, 32ul, 624ul, 397ul, 31ul, 2567483615ul, 11ul, 4294967295ul, 7ul, 2636928640ul, 15ul, 4022730752ul, 18ul, 1812433253ul>&);;36.637935638428;0.84999990463257;0;0;0;0;0;15.732757568359;0.36499989032745;0;0;0;0;0;;"100,0,0,0,0,0,0,0,0,0";_ZSt18generate_canonicalIdLm53ESt23mersenne_twister_engineImLm32ELm624ELm397ELm31ELm2567483615ELm11ELm4294967295ELm7ELm2636928640ELm15ELm4022730752ELm18ELm1812433253EEET_RT1_;;
654;libm.so.6;f64xsubf128;;19.827590942383;0.46000000834465;0;0;0;0;0;19.827590942383;0.46000000834465;0;0;0;0;0;;"0,0,0,100,0,0,0,0,0,0";f64xsubf128;;
340;libm.so.6;exp;;1.2931038141251;0.030000001192093;0;0;0;0;0;1.2931038141251;0.030000001192093;0;0;0;0;0;;"0,0,0,100,0,0,0,0,0,0";exp;;
17;BSM;std::mersenne_twister_engine<unsigned long, 32ul, 624ul, 397ul, 31ul, 2567483615ul, 11ul, 4294967295ul, 7ul, 2636928640ul, 15ul, 4022730752ul, 18ul, 1812433253ul>::_M_gen_rand();;1.0775864124298;0.024999998509884;0;0;0;0;0;0;0;0;0;0;0;0;;"100,0,0,0,0,0,0,0,0,0";_ZNSt23mersenne_twister_engineImLm32ELm624ELm397ELm31ELm2567483615ELm11ELm4294967295ELm7ELm2636928640ELm15ELm4022730752ELm18ELm1812433253EE11_M_gen_randEv;;
3;libm.so.6;.plt.sec@start;;0.64655190706253;0.015000000596046;0;0;0;0;0;0.64655190706253;0.015000000596046;0;0;0;0;0;;"0,0,0,100,0,0,0,0,0,0";.plt.sec@start;;
-1;BSM;unknown_function;;0.43103456497192;0.0099999997764826;0;0;0;0;0;0;0;0;0;0;0;0;;"100,0,0,0,0,0,0,0,0,0";Unknown function;;
338;libm.so.6;log;;0.21551728248596;0.0049999998882413;0;0;0;0;0;0.21551728248596;0.0049999998882413;0;0;0;0;0;;"0,0,0,100,0,0,0,0,0,0";log;;
284;libgomp.so.1.0.0;omp_get_num_procs;;0.21551728248596;0.0049999998882413;0;0;0;0;0;0.21551728248596;0.0049999998882413;0;0;0;0;0;;"0,0,100,0,0,0,0,0,0,0";omp_get_num_procs;;
