function_id;module;function_name;source_info;inc_time_p;inc_time_s;inc_time_s_min;inc_time_s_avg;inc_time_s_max;inc_cov_deviation;inc_time_deviation;exc_time_p;exc_time_s;exc_time_s_min;exc_time_s_avg;exc_time_s_max;exc_cov_deviation;exc_time_deviation;nb_threads;cats;label_name;flops;
18;BSM;double std::generate_canonical<double, 53ul, std::mersenne_twister_engine<unsigned long, 32ul, 624ul, 397ul, 31ul, 2567483615ul, 11ul, 4294967295ul, 7ul, 2636928640ul, 15ul, 4022730752ul, 18ul, 1812433253ul> >(std::mersenne_twister_engine<unsigned long, 32ul, 624ul, 397ul, 31ul, 2567483615ul, 11ul, 4294967295ul, 7ul, 2636928640ul, 15ul, 4022730752ul, 18ul, 1812433253ul>&);;39.055797576904;0.91000002622604;0;0;0;0;0;20.386268615723;0.47500002384186;0;0;0;0;0;;"100,0,0,0,0,0,0,0,0,0";_ZSt18generate_canonicalIdLm53ESt23mersenne_twister_engineImLm32ELm624ELm397ELm31ELm2567483615ELm11ELm4294967295ELm7ELm2636928640ELm15ELm4022730752ELm18ELm1812433253EEET_RT1_;;
13;BSM;main._omp_fn.0;;36.695274353027;0.8549998998642;0;0;0;0;0;0;0;0;0;0;0;0;;"100,0,0,0,0,0,0,0,0,0";main._omp_fn.0;;
654;libm.so.6;f64xsubf128;;19.527898788452;0.45500001311302;0;0;0;0;0;19.527898788452;0.45500001311302;0;0;0;0;0;;"0,0,0,100,0,0,0,0,0,0";f64xsubf128;;
340;libm.so.6;exp;;2.5751073360443;0.059999998658895;0;0;0;0;0;2.5751073360443;0.059999998658895;0;0;0;0;0;;"0,0,0,100,0,0,0,0,0,0";exp;;
17;BSM;std::mersenne_twister_engine<unsigned long, 32ul, 624ul, 397ul, 31ul, 2567483615ul, 11ul, 4294967295ul, 7ul, 2636928640ul, 15ul, 4022730752ul, 18ul, 1812433253ul>::_M_gen_rand();;1.5021457672119;0.034999992698431;0;0;0;0;0;0;0;0;0;0;0;0;;"100,0,0,0,0,0,0,0,0,0";_ZNSt23mersenne_twister_engineImLm32ELm624ELm397ELm31ELm2567483615ELm11ELm4294967295ELm7ELm2636928640ELm15ELm4022730752ELm18ELm1812433253EE11_M_gen_randEv;;
338;libm.so.6;log;;0.42918455600739;0.0099999997764826;0;0;0;0;0;0.42918455600739;0.0099999997764826;0;0;0;0;0;;"0,0,0,100,0,0,0,0,0,0";log;;
284;libgomp.so.1.0.0;omp_get_num_procs;;0.21459227800369;0.0049999998882413;0;0;0;0;0;0.21459227800369;0.0049999998882413;0;0;0;0;0;;"0,0,100,0,0,0,0,0,0,0";omp_get_num_procs;;
