loop_id;module;function_name;function_id;source_info;level;inc_time_p;inc_time_s;inc_time_s_min;inc_time_s_avg;inc_time_s_max;inc_cov_deviation;inc_time_deviation;exc_time_p;exc_time_s;exc_time_s_min;exc_time_s_avg;exc_time_s_max;exc_cov_deviation;exc_time_deviation;nb_threads;flops;
13;BSM;double std::generate_canonical<double, 53ul, std::mersenne_twister_engine<unsigned long, 32ul, 624ul, 397ul, 31ul, 2567483615ul, 11ul, 4294967295ul, 7ul, 2636928640ul, 15ul, 4022730752ul, 18ul, 1812433253ul> >(std::mersenne_twister_engine<unsigned long, 32ul, 624ul, 397ul, 31ul, 2567483615ul, 11ul, 4294967295ul, 7ul, 2636928640ul, 15ul, 4022730752ul, 18ul, 1812433253ul>&);18;;Innermost;17.173913955688;0.3950001001358;;;;;;17.173913955688;0.3950001001358;;;;;;;;
7;BSM;main._omp_fn.0;13;;InBetween;15.869560241699;0.36499997973442;;;;;;15.869560241699;0.36499997973442;;;;;;;;
4;BSM;main._omp_fn.0;13;;Innermost;12.17391204834;0.28000003099442;;;;;;12.17391204834;0.28000003099442;;;;;;;;
6;BSM;main._omp_fn.0;13;;InBetween;23.695650100708;0.54500007629395;;;;;;11.521737098694;0.26500001549721;;;;;;;;
12;BSM;std::mersenne_twister_engine<unsigned long, 32ul, 624ul, 397ul, 31ul, 2567483615ul, 11ul, 4294967295ul, 7ul, 2636928640ul, 15ul, 4022730752ul, 18ul, 1812433253ul>::_M_gen_rand();17;;Single;1.7391301393509;0.040000002831221;;;;;;1.7391301393509;0.040000002831221;;;;;;;;
11;BSM;std::mersenne_twister_engine<unsigned long, 32ul, 624ul, 397ul, 31ul, 2567483615ul, 11ul, 4294967295ul, 7ul, 2636928640ul, 15ul, 4022730752ul, 18ul, 1812433253ul>::_M_gen_rand();17;;Single;0.21739126741886;0.0050000003539026;;;;;;0.21739126741886;0.0050000003539026;;;;;;;;
