loop_id;module;function_name;function_id;source_info;level;inc_time_p;inc_time_s;inc_time_s_min;inc_time_s_avg;inc_time_s_max;inc_cov_deviation;inc_time_deviation;exc_time_p;exc_time_s;exc_time_s_min;exc_time_s_avg;exc_time_s_max;exc_cov_deviation;exc_time_deviation;nb_threads;flops;
5;BSM;main._omp_fn.0;11;random.tcc:3370-3370,BSM_32.cxx:106-109,BSM_32.cxx:112-113,BSM_32.cxx:122-127;InBetween;32.846702575684;0.22499996423721;;;;;;32.846702575684;0.22499996423721;;;;;;;;
12;BSM;main._omp_fn.0;11;cmath:443-443;InBetween;23.357654571533;0.15999998152256;;;;;;14.598534584045;0.099999994039536;;;;;;;;
11;BSM;main._omp_fn.0;11;random.tcc:1832-1834,random.tcc:3367-3371;Innermost;8.7591199874878;0.059999987483025;;;;;;8.7591199874878;0.059999987483025;;;;;;;;
15;BSM;std::mersenne_twister_engine<unsigned long, 32ul, 624ul, 397ul, 31ul, 2567483615ul, 11ul, 4294967295ul, 7ul, 2636928640ul, 15ul, 4022730752ul, 18ul, 1812433253ul>::_M_gen_rand();15;random.tcc:412-417;Single;2.9197068214417;0.01999999769032;;;;;;2.9197068214417;0.01999999769032;;;;;;;;
10;BSM;main._omp_fn.0;11;random.h:2238-2238,random.tcc:1820-1823,random.tcc:1842-1842,BSM_32.cxx:112-116;Innermost;2.1897799968719;0.014999996870756;;;;;;2.1897799968719;0.014999996870756;;;;;;;;
16;BSM;std::mersenne_twister_engine<unsigned long, 32ul, 624ul, 397ul, 31ul, 2567483615ul, 11ul, 4294967295ul, 7ul, 2636928640ul, 15ul, 4022730752ul, 18ul, 1812433253ul>::operator()();16;random.tcc:459-469;Single;2.1897799968719;0.014999996870756;;;;;;2.1897799968719;0.014999996870756;;;;;;;;
14;BSM;std::mersenne_twister_engine<unsigned long, 32ul, 624ul, 397ul, 31ul, 2567483615ul, 11ul, 4294967295ul, 7ul, 2636928640ul, 15ul, 4022730752ul, 18ul, 1812433253ul>::_M_gen_rand();15;random.tcc:404-409;Single;1.4598534107208;0.00999999884516;;;;;;1.4598534107208;0.00999999884516;;;;;;;;
6;BSM;main._omp_fn.0;11;BSM_32.cxx:113-113;InBetween;33.576629638672;0.22999995946884;;;;;;0.72992670536041;0.00499999942258;;;;;;;;
