loop_id;module;function_name;function_id;source_info;level;inc_time_p;inc_time_s;inc_time_s_min;inc_time_s_avg;inc_time_s_max;inc_cov_deviation;inc_time_deviation;exc_time_p;exc_time_s;exc_time_s_min;exc_time_s_avg;exc_time_s_max;exc_cov_deviation;exc_time_deviation;nb_threads;flops;
5;BSM;main._omp_fn.0;11;random.tcc:3370-3370,BSM_32.cxx:106-109,BSM_32.cxx:112-113,BSM_32.cxx:122-127;InBetween;33.58207321167;0.22499996423721;;;;;;33.58207321167;0.22499996423721;;;;;;;;
12;BSM;main._omp_fn.0;11;cmath:443-443;InBetween;23.134317398071;0.15499997138977;;;;;;14.925366401672;0.099999986588955;;;;;;;;
11;BSM;main._omp_fn.0;11;random.tcc:1832-1834,random.tcc:3367-3371;Innermost;6.7164149284363;0.044999994337559;;;;;;6.7164149284363;0.044999994337559;;;;;;;;
10;BSM;main._omp_fn.0;11;random.h:2238-2238,random.tcc:1820-1823,random.tcc:1842-1842,BSM_32.cxx:112-116;Innermost;5.9701466560364;0.03999999165535;;;;;;5.9701466560364;0.03999999165535;;;;;;;;
14;BSM;std::mersenne_twister_engine<unsigned long, 32ul, 624ul, 397ul, 31ul, 2567483615ul, 11ul, 4294967295ul, 7ul, 2636928640ul, 15ul, 4022730752ul, 18ul, 1812433253ul>::_M_gen_rand();15;random.tcc:404-409;Single;2.9850733280182;0.019999995827675;;;;;;2.9850733280182;0.019999995827675;;;;;;;;
6;BSM;main._omp_fn.0;11;BSM_32.cxx:113-113;InBetween;35.820877075195;0.2399999499321;;;;;;2.2388048171997;0.014999996870756;;;;;;;;
13;BSM;main._omp_fn.0;11;random.tcc:1834-1839,random.tcc:3367-3367,random.tcc:3371-3371,cmath:327-327,cmath:443-443;InBetween;8.2089509963989;0.054999988526106;;;;;;1.4925366640091;0.0099999979138374;;;;;;;;
15;BSM;std::mersenne_twister_engine<unsigned long, 32ul, 624ul, 397ul, 31ul, 2567483615ul, 11ul, 4294967295ul, 7ul, 2636928640ul, 15ul, 4022730752ul, 18ul, 1812433253ul>::_M_gen_rand();15;random.tcc:412-417;Single;0.74626833200455;0.0049999989569187;;;;;;0.74626833200455;0.0049999989569187;;;;;;;;
